video_id;repetition_number;exercise_id;person_id;first_frame;last_frame;cam17_orientation;mocap_erroneous;exercise_subtype;lights_on;extra_person_in_cam17;extra_person_in_cam18;correctness
PM_000;1;1;1;180;377;front;0;right arm;0;3;0;1
PM_000;2;1;1;378;620;front;0;right arm;0;3;0;1
PM_000;3;1;1;621;865;front;0;right arm;0;3;0;1
PM_000;4;1;1;866;1085;front;0;right arm;0;3;3;1
PM_000;5;1;1;1086;1265;front;0;right arm;0;3;3;1
PM_001;1;1;1;130;324;front;0;right arm;0;1;0;1
PM_001;2;1;1;325;537;front;0;right arm;0;1;0;1
PM_001;3;1;1;538;731;front;0;right arm;0;1;0;1
PM_001;4;1;1;732;919;front;0;right arm;0;1;0;1
PM_001;5;1;1;920;1090;front;0;right arm;0;1;0;1
PM_001;6;1;1;1690;1940;front;0;right arm;0;1;0;0
PM_001;7;1;1;2060;2346;front;0;right arm;0;1;0;0
PM_001;8;1;1;2347;2554;front;0;right arm;0;1;0;0
PM_001;9;1;1;2555;2746;front;0;right arm;0;1;0;0
PM_001;10;1;1;2747;2961;front;0;right arm;0;1;0;0
PM_002;1;1;1;152;363;half-profile;0;right arm;0;1;0;1
PM_002;2;1;1;364;573;half-profile;0;right arm;0;1;0;1
PM_002;3;1;1;574;766;half-profile;0;right arm;0;1;0;1
PM_002;4;1;1;767;910;half-profile;0;right arm;0;1;0;1
PM_002;5;1;1;1000;1225;half-profile;0;right arm;0;2;0;0
PM_002;6;1;1;1226;1407;half-profile;0;right arm;0;2;0;0
PM_002;7;1;1;1408;1605;half-profile;0;right arm;0;1;0;0
PM_002;8;1;1;1606;1800;half-profile;0;right arm;0;1;0;0
PM_002;9;1;1;1801;1967;half-profile;0;right arm;0;2;0;0
PM_012;1;1;2;170;360;front;0;right arm;0;0;0;1
PM_012;2;1;2;361;528;front;0;right arm;0;0;0;1
PM_012;3;1;2;529;718;front;0;right arm;0;0;0;1
PM_012;4;1;2;719;890;front;0;right arm;0;0;0;1
PM_012;5;1;2;891;1035;front;0;right arm;0;0;0;1
PM_012;6;1;2;1685;1825;front;0;right arm;0;2;0;0
PM_012;7;1;2;1826;1935;front;0;right arm;0;0;0;0
PM_012;8;1;2;1936;2070;front;0;right arm;0;0;0;0
PM_012;9;1;2;2071;2215;front;0;right arm;0;0;0;0
PM_012;10;1;2;2216;2320;front;0;right arm;0;2;0;0
PM_016;1;1;2;140;370;half-profile;0;right arm;0;1;0;1
PM_016;2;1;2;371;548;half-profile;0;right arm;0;0;0;1
PM_016;3;1;2;549;712;half-profile;0;right arm;0;0;0;1
PM_016;4;1;2;713;852;half-profile;0;right arm;0;1;0;1
PM_016;5;1;2;853;977;half-profile;0;right arm;0;1;0;1
PM_016;6;1;2;1190;1345;half-profile;0;right arm;0;0;0;0
PM_016;7;1;2;1346;1515;half-profile;0;right arm;0;0;0;0
PM_016;8;1;2;1516;1705;half-profile;0;right arm;0;0;0;0
PM_016;9;1;2;1706;1860;half-profile;0;right arm;0;1;0;0
PM_016;10;1;2;1861;1980;half-profile;0;right arm;0;2;0;0
PM_023;1;1;3;35;175;front;0;right arm;0;0;0;1
PM_023;2;1;3;176;300;front;0;right arm;0;0;0;1
PM_023;3;1;3;301;415;front;0;right arm;0;0;0;1
PM_023;4;1;3;416;530;front;0;right arm;0;0;0;1
PM_023;5;1;3;531;645;front;0;right arm;0;2;0;1
PM_023;6;1;3;905;1037;front;0;right arm;0;0;0;0
PM_023;7;1;3;1038;1174;front;0;right arm;0;0;0;0
PM_023;8;1;3;1175;1310;front;0;right arm;0;0;0;0
PM_023;9;1;3;1311;1452;front;0;right arm;0;0;0;0
PM_023;10;1;3;1453;1574;front;0;right arm;0;2;0;0
PM_024;1;1;3;200;354;half-profile;0;right arm;0;0;0;1
PM_024;2;1;3;355;509;half-profile;0;right arm;0;0;0;1
PM_024;3;1;3;510;650;half-profile;0;right arm;0;0;0;1
PM_024;4;1;3;651;777;half-profile;0;right arm;0;0;2;1
PM_024;5;1;3;778;910;half-profile;0;right arm;0;3;3;1
PM_024;6;1;3;1140;1320;half-profile;0;right arm;0;0;0;0
PM_024;7;1;3;1321;1550;half-profile;0;right arm;0;0;0;0
PM_024;8;1;3;1551;1710;half-profile;0;right arm;0;0;0;0
PM_024;9;1;3;1711;1905;half-profile;0;right arm;0;0;0;0
PM_024;10;1;3;1906;2080;half-profile;0;right arm;0;0;0;0
PM_032;1;1;4;90;179;front;0;right arm;1;0;0;1
PM_032;2;1;4;180;270;front;0;right arm;1;0;0;1
PM_032;3;1;4;271;358;front;0;right arm;1;0;0;1
PM_032;4;1;4;359;441;front;0;right arm;1;0;0;1
PM_032;5;1;4;442;527;front;0;right arm;1;0;0;1
PM_032;6;1;4;528;627;front;0;right arm;1;0;0;1
PM_032;7;1;4;655;795;front;0;right arm;1;0;0;0
PM_032;8;1;4;796;909;front;0;right arm;1;0;0;0
PM_032;9;1;4;910;1008;front;0;right arm;1;0;0;0
PM_032;10;1;4;1009;1112;front;0;right arm;1;0;0;0
PM_032;11;1;4;1113;1238;front;0;right arm;1;1;0;0
PM_032;12;1;4;1563;1703;half-profile;0;right arm;1;0;0;0
PM_032;13;1;4;1704;1810;half-profile;0;right arm;1;0;0;1
PM_032;14;1;4;1827;1930;half-profile;0;right arm;1;0;0;1
PM_032;15;1;4;1931;2036;half-profile;0;right arm;1;0;0;1
PM_032;16;1;4;2037;2160;half-profile;0;right arm;1;0;0;1
PM_032;17;1;4;2265;2395;half-profile;0;right arm;1;2;0;0
PM_032;18;1;4;2396;2510;half-profile;0;right arm;1;0;0;0
PM_032;19;1;4;2511;2627;half-profile;0;right arm;1;0;0;0
PM_032;20;1;4;2628;2753;half-profile;0;right arm;1;0;0;0
PM_032;21;1;4;2754;2870;half-profile;0;right arm;1;0;0;0
PM_039;1;1;5;95;190;front;0;right arm;1;0;0;0
PM_039;2;1;5;225;370;front;0;right arm;1;0;0;1
PM_039;3;1;5;371;519;front;0;right arm;1;0;0;1
PM_039;4;1;5;520;643;front;0;right arm;1;0;0;1
PM_039;5;1;5;644;765;front;0;right arm;1;0;0;1
PM_039;6;1;5;766;905;front;0;right arm;1;2;0;1
PM_039;7;1;5;1282;1410;front;0;right arm;1;0;0;0
PM_039;8;1;5;1515;1660;front;0;right arm;1;0;0;0
PM_039;9;1;5;1680;1810;front;0;right arm;1;0;0;0
PM_039;10;1;5;1840;1960;front;0;right arm;1;0;0;0
PM_039;11;1;5;1975;2080;front;0;right arm;1;0;0;0
PM_039;12;1;5;2540;2670;half-profile;0;right arm;1;0;0;1
PM_039;13;1;5;2671;2795;half-profile;0;right arm;1;0;0;1
PM_039;14;1;5;2796;2915;half-profile;0;right arm;1;0;0;1
PM_039;15;1;5;2916;3030;half-profile;0;right arm;1;0;0;1
PM_039;16;1;5;3031;3132;half-profile;0;right arm;1;0;0;1
PM_039;17;1;5;3215;3311;half-profile;0;right arm;1;0;0;0
PM_039;18;1;5;3312;3419;half-profile;0;right arm;1;0;0;0
PM_039;19;1;5;3420;3520;half-profile;0;right arm;1;0;0;0
PM_039;20;1;5;3521;3640;half-profile;0;right arm;1;0;0;0
PM_039;21;1;5;3641;3750;half-profile;0;right arm;1;0;0;0
PM_101;1;1;6;35;154;half-profile;0;right arm;1;0;0;1
PM_101;2;1;6;155;285;half-profile;0;right arm;1;0;0;1
PM_101;3;1;6;286;409;half-profile;0;right arm;1;0;0;1
PM_101;4;1;6;410;532;half-profile;0;right arm;1;0;0;1
PM_101;5;1;6;533;640;half-profile;0;right arm;1;0;0;1
PM_101;6;1;6;680;810;half-profile;0;right arm;1;2;0;0
PM_101;7;1;6;811;940;half-profile;0;right arm;1;0;0;0
PM_101;8;1;6;941;1065;half-profile;0;right arm;1;0;0;0
PM_101;9;1;6;1066;1185;half-profile;0;right arm;1;0;0;0
PM_101;10;1;6;1186;1296;half-profile;0;right arm;1;2;0;0
PM_122;1;1;7;85;240;front;0;right arm;1;0;0;1
PM_122;2;1;7;241;390;front;0;right arm;1;0;0;1
PM_122;3;1;7;391;525;front;0;right arm;1;0;0;1
PM_122;4;1;7;526;654;front;0;right arm;1;1;0;1
PM_122;5;1;7;655;780;front;0;right arm;1;0;0;1
PM_122;6;1;7;975;1140;front;0;right arm;1;2;0;0
PM_122;7;1;7;1150;1330;front;0;right arm;1;2;0;0
PM_122;8;1;7;1331;1480;front;0;right arm;1;0;0;0
PM_122;9;1;7;1481;1640;front;0;right arm;1;0;0;0
PM_122;10;1;7;1641;1820;front;0;right arm;1;2;0;0
PM_122;11;1;7;2020;2160;half-profile;0;right arm;1;0;0;1
PM_122;12;1;7;2161;2300;half-profile;0;right arm;1;0;0;1
PM_122;13;1;7;2301;2435;half-profile;0;right arm;1;0;0;1
PM_122;14;1;7;2436;2560;half-profile;0;right arm;1;0;0;1
PM_122;15;1;7;2561;2690;half-profile;0;right arm;1;0;0;1
PM_122;16;1;7;2785;2985;half-profile;0;right arm;1;2;0;0
PM_122;17;1;7;2986;3180;half-profile;0;right arm;1;2;0;0
PM_122;18;1;7;3195;3360;half-profile;0;right arm;1;0;0;0
PM_122;19;1;7;3370;3530;half-profile;0;right arm;1;0;0;0
PM_122;20;1;7;3545;3695;half-profile;0;right arm;1;2;0;0
PM_109;1;1;8;185;500;front;0;right arm;1;0;0;1
PM_109;2;1;8;501;770;front;0;right arm;1;0;0;1
PM_109;3;1;8;771;995;front;0;right arm;1;0;0;1
PM_109;4;1;8;996;1185;front;0;right arm;1;0;0;1
PM_109;5;1;8;1186;1370;front;0;right arm;1;0;0;1
PM_109;6;1;8;1820;2020;front;0;right arm;1;2;0;0
PM_109;7;1;8;2021;2235;front;0;right arm;1;0;0;0
PM_109;8;1;8;2236;2408;front;0;right arm;1;0;0;0
PM_109;9;1;8;2409;2606;front;0;right arm;1;0;0;0
PM_109;10;1;8;2607;2762;front;0;right arm;1;2;0;0
PM_109;11;1;8;3190;3378;half-profile;0;right arm;1;0;0;1
PM_109;12;1;8;3379;3565;half-profile;0;right arm;1;0;0;1
PM_109;13;1;8;3566;3778;half-profile;0;right arm;1;0;0;1
PM_109;14;1;8;3779;3990;half-profile;0;right arm;1;0;0;1
PM_109;15;1;8;3991;4170;half-profile;0;right arm;1;0;0;1
PM_109;16;1;8;4240;4402;half-profile;0;right arm;1;0;0;0
PM_109;17;1;8;4403;4600;half-profile;0;right arm;1;0;0;0
PM_109;18;1;8;4601;4760;half-profile;0;right arm;1;0;0;0
PM_109;19;1;8;4761;4955;half-profile;0;right arm;1;0;0;0
PM_109;20;1;8;4956;5125;half-profile;0;right arm;1;0;0;0
PM_114;1;1;9;295;520;front;0;right arm;1;0;0;1
PM_114;2;1;9;530;710;front;0;right arm;1;0;0;1
PM_114;3;1;9;711;880;front;0;right arm;1;0;0;1
PM_114;4;1;9;881;1020;front;0;right arm;1;0;0;1
PM_114;5;1;9;1021;1145;front;0;right arm;1;0;0;1
PM_114;6;1;9;1650;1840;front;0;right arm;1;2;0;1
PM_114;7;1;9;1900;2080;front;0;right arm;1;0;0;0
PM_114;8;1;9;2110;2270;front;0;right arm;1;0;0;0
PM_114;9;1;9;2271;2440;front;0;right arm;1;2;0;0
PM_114;10;1;9;2441;2590;front;0;right arm;1;0;0;0
PM_114;11;1;9;2610;2730;front;0;right arm;1;1;0;0
PM_114;12;1;9;3277;3430;half-profile;0;right arm;1;0;0;1
PM_114;13;1;9;3431;3590;half-profile;0;right arm;1;0;0;1
PM_114;14;1;9;3591;3718;half-profile;0;right arm;1;0;0;1
PM_114;15;1;9;3719;3840;half-profile;0;right arm;1;0;0;1
PM_114;16;1;9;3841;3965;half-profile;0;right arm;1;0;0;1
PM_114;17;1;9;4065;4175;half-profile;0;right arm;1;0;0;0
PM_114;18;1;9;4260;4390;half-profile;0;right arm;1;0;0;0
PM_114;19;1;9;4415;4570;half-profile;0;right arm;1;0;0;0
PM_114;20;1;9;4600;4730;half-profile;0;right arm;1;0;0;0
PM_114;21;1;9;4750;4900;half-profile;0;right arm;1;0;0;0
PM_114;22;1;9;4901;5020;half-profile;0;right arm;1;0;0;0
PM_021;1;5;2;140;250;front;0;front leg left;0;0;0;1
PM_021;2;5;2;251;370;front;0;front leg left;0;0;0;1
PM_021;3;5;2;371;490;front;0;front leg left;0;0;0;1
PM_021;4;5;2;491;620;front;0;front leg left;0;0;0;1
PM_021;5;5;2;621;715;front;0;front leg left;0;0;0;1
PM_021;6;5;2;1060;1170;front;0;front leg left;0;2;0;0
PM_021;7;5;2;1171;1250;front;0;front leg left;0;2;0;0
PM_021;8;5;2;1251;1330;front;0;front leg left;0;0;0;0
PM_021;9;5;2;1331;1410;front;0;front leg left;0;0;0;0
PM_021;10;5;2;1411;1470;front;0;front leg left;0;2;0;0
PM_021;11;5;2;1790;1885;half-profile;0;front leg left;0;2;0;1
PM_021;12;5;2;1886;1985;half-profile;0;front leg left;0;2;0;1
PM_021;13;5;2;1986;2080;half-profile;0;front leg left;0;2;0;1
PM_021;14;5;2;2081;2190;half-profile;0;front leg left;0;2;0;1
PM_021;15;5;2;2191;2290;half-profile;0;front leg left;0;2;0;1
PM_021;16;5;2;2390;2480;half-profile;0;front leg left;0;0;0;0
PM_021;17;5;2;2481;2570;half-profile;0;front leg left;0;0;0;0
PM_021;18;5;2;2571;2650;half-profile;0;front leg left;0;0;0;0
PM_021;19;5;2;2651;2745;half-profile;0;front leg left;0;0;0;0
PM_021;20;5;2;2746;2820;half-profile;0;front leg left;0;2;0;0
PM_028;1;5;3;165;290;front;0;front leg right;1;1;0;0
PM_028;2;5;3;300;450;front;0;front leg right;1;1;0;0
PM_028;3;5;3;535;680;front;0;front leg right;1;1;0;0
PM_028;4;5;3;681;810;front;0;front leg right;1;0;0;0
PM_028;5;5;3;811;950;front;0;front leg right;1;0;0;0
PM_028;6;5;3;951;1090;front;0;front leg right;1;0;0;0
PM_028;7;5;3;1300;1400;front;0;front leg right;1;1;0;0
PM_028;8;5;3;1401;1505;front;0;front leg right;1;2;0;0
PM_028;9;5;3;1506;1600;front;0;front leg right;1;1;0;0
PM_028;10;5;3;1601;1705;front;0;front leg right;1;2;0;0
PM_028;11;5;3;1706;1793;front;0;front leg right;1;2;0;0
PM_028;12;5;3;2200;2320;half-profile;0;front leg right;1;0;0;0
PM_028;13;5;3;2321;2440;half-profile;0;front leg right;1;0;0;0
PM_028;14;5;3;2441;2570;half-profile;0;front leg right;1;0;0;0
PM_028;15;5;3;2571;2710;half-profile;0;front leg right;1;0;0;0
PM_028;16;5;3;2711;2810;half-profile;0;front leg right;1;2;0;0
PM_028;17;5;3;2990;3130;half-profile;0;front leg right;1;0;0;0
PM_028;18;5;3;3131;3245;half-profile;0;front leg right;1;0;0;0
PM_028;19;5;3;3246;3350;half-profile;0;front leg right;1;0;0;0
PM_028;20;5;3;3351;3465;half-profile;0;front leg right;1;0;0;0
PM_028;21;5;3;3466;3560;half-profile;0;front leg right;1;2;0;0
PM_037;1;5;4;230;300;front;0;front leg right;1;0;0;1
PM_037;2;5;4;301;354;front;0;front leg right;1;0;0;1
PM_037;3;5;4;355;413;front;0;front leg right;1;0;0;1
PM_037;4;5;4;414;472;front;0;front leg right;1;0;0;1
PM_037;5;5;4;473;525;front;0;front leg right;1;0;0;1
PM_037;6;5;4;569;617;front;0;front leg right;1;0;0;0
PM_037;7;5;4;618;678;front;0;front leg right;1;0;0;0
PM_037;8;5;4;679;740;front;0;front leg right;1;0;0;0
PM_037;9;5;4;741;808;front;0;front leg right;1;0;0;0
PM_037;10;5;4;809;870;front;0;front leg right;1;0;0;0
PM_037;11;5;4;1590;1635;half-profile;0;front leg right;1;0;0;1
PM_037;12;5;4;1636;1687;half-profile;0;front leg right;1;0;0;1
PM_037;13;5;4;1688;1744;half-profile;0;front leg right;1;0;0;1
PM_037;14;5;4;1745;1798;half-profile;0;front leg right;1;0;0;1
PM_037;15;5;4;1799;1854;half-profile;0;front leg right;1;0;0;1
PM_037;16;5;4;1870;1940;half-profile;0;front leg right;1;0;0;0
PM_037;17;5;4;1941;1999;half-profile;0;front leg right;1;0;0;0
PM_037;18;5;4;2000;2053;half-profile;0;front leg right;1;0;0;0
PM_037;19;5;4;2054;2114;half-profile;0;front leg right;1;0;0;0
PM_037;20;5;4;2115;2171;half-profile;0;front leg right;1;0;0;0
PM_042;1;5;5;110;206;front;0;front leg right;1;0;0;0
PM_042;2;5;5;440;525;front;0;front leg right;1;0;0;1
PM_042;3;5;5;526;635;front;0;front leg right;1;0;0;1
PM_042;4;5;5;660;750;front;0;front leg right;1;0;0;1
PM_042;5;5;5;751;845;front;0;front leg right;1;0;0;1
PM_042;6;5;5;846;945;front;0;front leg right;1;0;0;1
PM_042;7;5;5;946;1035;front;0;front leg right;1;0;0;1
PM_042;8;5;5;1050;1140;front;0;front leg right;1;0;0;1
PM_042;9;5;5;1290;1385;front;0;front leg right;1;2;0;0
PM_042;10;5;5;1460;1544;front;0;front leg right;1;0;0;0
PM_042;11;5;5;1545;1650;front;0;front leg right;1;2;0;0
PM_042;12;5;5;1651;1750;front;0;front leg right;1;2;0;0
PM_042;13;5;5;1751;1845;front;0;front leg right;1;2;0;0
PM_042;14;5;5;2345;2430;half-profile;0;front leg right;1;0;0;1
PM_042;15;5;5;2431;2530;half-profile;0;front leg right;1;0;0;1
PM_042;16;5;5;2531;2610;half-profile;0;front leg right;1;0;0;1
PM_042;17;5;5;2611;2720;half-profile;0;front leg right;1;0;0;1
PM_042;18;5;5;2721;2820;half-profile;0;front leg right;1;0;0;1
PM_042;19;5;5;2821;2920;half-profile;0;front leg right;1;0;0;1
PM_042;20;5;5;3030;3120;half-profile;0;front leg right;1;0;0;0
PM_042;21;5;5;3121;3135;half-profile;0;front leg right;1;0;0;0
PM_042;22;5;5;3136;3215;half-profile;0;front leg right;1;1;0;0
PM_042;23;5;5;3216;3320;half-profile;0;front leg right;1;1;0;0
PM_042;24;5;5;3321;3405;half-profile;0;front leg right;1;0;0;0
PM_042;25;5;5;3406;3505;half-profile;0;front leg right;1;0;0;0
PM_104;1;5;6;60;170;front;0;front leg left;1;2;0;1
PM_104;2;5;6;171;280;front;0;front leg left;1;2;0;1
PM_104;3;5;6;281;395;front;0;front leg left;1;2;0;1
PM_104;4;5;6;396;490;front;0;front leg left;1;2;0;1
PM_104;5;5;6;491;580;front;0;front leg left;1;2;0;1
PM_104;6;5;6;855;1020;front;0;front leg left;1;2;0;0
PM_104;7;5;6;1021;1120;front;0;front leg left;1;0;0;0
PM_104;8;5;6;1121;1220;front;0;front leg left;1;0;0;0
PM_104;9;5;6;1221;1330;front;0;front leg left;1;0;0;0
PM_104;10;5;6;1331;1430;front;0;front leg left;1;0;0;0
PM_104;11;5;6;1960;2070;half-profile;0;front leg left;1;0;0;1
PM_104;12;5;6;2071;2210;half-profile;0;front leg left;1;2;0;1
PM_104;13;5;6;2211;2330;half-profile;0;front leg left;1;0;0;1
PM_104;14;5;6;2331;2425;half-profile;0;front leg left;1;0;0;1
PM_104;15;5;6;2426;2520;half-profile;0;front leg left;1;0;0;1
PM_104;16;5;6;2655;2750;half-profile;0;front leg left;1;0;0;0
PM_104;17;5;6;2751;2860;half-profile;0;front leg left;1;0;0;0
PM_104;18;5;6;2861;2980;half-profile;0;front leg left;1;0;0;0
PM_104;19;5;6;2981;3080;half-profile;0;front leg left;1;0;0;0
PM_104;20;5;6;3081;3155;half-profile;0;front leg left;1;0;0;0
PM_112;1;5;8;150;270;front;0;front leg right;1;0;0;1
PM_112;2;5;8;271;430;front;0;front leg right;1;0;0;1
PM_112;3;5;8;431;575;front;0;front leg right;1;0;0;1
PM_112;4;5;8;576;735;front;0;front leg right;1;0;0;1
PM_112;5;5;8;736;890;front;0;front leg right;1;0;0;1
PM_112;6;5;8;891;1050;front;0;front leg right;1;0;0;1
PM_112;7;5;8;1051;1200;front;0;front leg right;1;1;0;0
PM_112;8;5;8;1430;1540;front;0;front leg right;1;2;0;0
PM_112;9;5;8;1541;1655;front;0;front leg right;1;1;0;0
PM_112;10;5;8;1656;1780;front;0;front leg right;1;0;0;0
PM_112;11;5;8;1781;1910;front;0;front leg right;1;0;0;0
PM_112;12;5;8;1911;2020;front;0;front leg right;1;3;0;0
PM_112;13;5;8;2520;2630;half-profile;0;front leg right;1;0;0;1
PM_112;14;5;8;2710;2820;half-profile;0;front leg right;1;2;0;1
PM_112;15;5;8;2821;2980;half-profile;0;front leg right;1;2;0;1
PM_112;16;5;8;2981;3130;half-profile;0;front leg right;1;0;0;1
PM_112;17;5;8;3131;3280;half-profile;0;front leg right;1;0;0;1
PM_112;18;5;8;3281;3450;half-profile;0;front leg right;1;1;0;1
PM_112;19;5;8;3451;3615;half-profile;0;front leg right;1;2;0;1
PM_112;20;5;8;3670;3780;half-profile;0;front leg right;1;1;0;0
PM_112;21;5;8;3781;3905;half-profile;0;front leg right;1;1;0;0
PM_112;22;5;8;3906;4020;half-profile;0;front leg right;1;0;0;0
PM_112;23;5;8;4021;4140;half-profile;0;front leg right;1;0;0;0
PM_112;24;5;8;4141;4285;half-profile;0;front leg right;1;0;0;0
PM_112;25;5;8;4286;4395;half-profile;0;front leg right;1;2;0;0
PM_117a;1;5;9;155;240;front;0;front leg left;1;2;0;1
PM_117a;2;5;9;241;350;front;0;front leg left;1;2;0;1
PM_117a;3;5;9;351;460;front;0;front leg left;1;1;0;1
PM_117a;4;5;9;461;553;front;0;front leg left;1;0;0;1
PM_117a;5;5;9;554;655;front;0;front leg left;1;0;0;1
PM_117a;6;5;9;656;740;front;0;front leg left;1;0;0;1
PM_117a;7;5;9;940;990;front;0;front leg left;1;3;0;0
PM_117a;8;5;9;1020;1060;front;0;front leg left;1;2;0;0
PM_117a;9;5;9;1110;1185;front;0;front leg left;1;0;0;0
PM_117b;1;5;9;1;80;front;0;front leg left;1;0;0;0
PM_117b;2;5;9;81;170;front;0;front leg left;1;1;0;0
PM_117b;3;5;9;171;235;front;0;front leg left;1;2;0;0
PM_117b;4;5;9;615;693;half-profile;0;front leg left;1;1;0;1
PM_117b;5;5;9;694;765;half-profile;0;front leg left;1;0;0;1
PM_117b;6;5;9;766;865;half-profile;0;front leg left;1;0;0;1
PM_117b;7;5;9;866;950;half-profile;0;front leg left;1;0;0;1
PM_117b;8;5;9;951;1040;half-profile;0;front leg left;1;0;0;1
PM_117b;9;5;9;1041;1120;half-profile;0;front leg left;1;0;0;1
PM_117b;10;5;9;1200;1280;half-profile;0;front leg left;1;0;0;0
PM_117b;11;5;9;1281;1365;half-profile;0;front leg left;1;0;0;0
PM_117b;12;5;9;1366;1450;half-profile;0;front leg left;1;0;0;0
PM_117b;13;5;9;1451;1545;half-profile;0;front leg left;1;0;0;0
PM_117b;14;5;9;1546;1620;half-profile;0;front leg left;1;0;0;0
PM_125;1;5;7;155;255;half-profile;0;front leg left;1;2;0;1
PM_125;2;5;7;256;380;half-profile;0;front leg left;1;1;0;1
PM_125;3;5;7;381;510;half-profile;0;front leg left;1;1;0;1
PM_125;4;5;7;511;625;half-profile;0;front leg left;1;0;0;1
PM_125;5;5;7;626;750;half-profile;0;front leg left;1;2;0;1
PM_125;6;5;7;835;930;half-profile;0;front leg left;1;2;0;0
PM_125;7;5;7;990;1080;half-profile;0;front leg left;1;0;0;0
PM_125;8;5;7;1110;1210;half-profile;0;front leg left;1;0;0;0
PM_125;9;5;7;1211;1340;half-profile;0;front leg left;1;0;0;0
PM_125;10;5;7;1341;1455;half-profile;0;front leg left;1;2;0;0
PM_125;11;5;7;1820;1920;front;0;front leg left;1;0;0;1
PM_125;12;5;7;1921;2025;front;0;front leg left;1;0;0;1
PM_125;13;5;7;2026;2130;front;0;front leg left;1;0;0;1
PM_125;14;5;7;2131;2240;front;0;front leg left;1;0;0;1
PM_125;15;5;7;2241;2345;front;0;front leg left;1;0;0;1
PM_125;16;5;7;2425;2535;front;0;front leg left;1;0;0;0
PM_125;17;5;7;2536;2665;front;0;front leg left;1;0;0;0
PM_125;18;5;7;2666;2800;front;0;front leg left;1;0;0;0
PM_125;19;5;7;2801;2920;front;0;front leg left;1;0;0;0
PM_125;20;5;7;2921;3030;front;0;front leg left;1;0;0;0
PM_003;1;2;1;120;380;front;0;;0;0;0;1
PM_003;2;2;1;381;610;front;0;;0;1;0;1
PM_003;3;2;1;611;810;front;0;;0;2;0;1
PM_003;4;2;1;811;990;front;0;;0;0;0;1
PM_003;5;2;1;991;1150;front;0;;0;2;0;0
PM_003;6;2;1;1600;1860;front;0;;0;2;0;1
PM_003;7;2;1;1960;2200;front;0;;0;2;0;1
PM_003;8;2;1;2201;2450;front;0;;0;3;0;1
PM_003;9;2;1;2451;2680;front;0;;0;2;0;1
PM_003;10;2;1;2681;2915;front;0;;0;0;0;1
PM_003;11;2;1;2916;3108;front;0;;0;2;0;0
PM_003;12;2;1;3530;3800;front;0;;0;1;0;0
PM_003;13;2;1;3801;4040;front;0;;0;1;0;0
PM_003;14;2;1;4041;4250;front;0;;0;1;0;0
PM_003;15;2;1;4251;4440;front;0;;0;2;0;0
PM_003;16;2;1;4441;4620;front;0;;0;2;0;0
PM_004;1;2;1;280;580;half-profile;0;;0;1;0;1
PM_004;2;2;1;581;880;half-profile;0;;0;2;0;1
PM_004;3;2;1;881;1180;half-profile;0;;0;2;0;1
PM_004;4;2;1;1181;1420;half-profile;0;;0;2;0;1
PM_004;5;2;1;1421;1620;half-profile;0;;0;1;0;1
PM_004;6;2;1;1990;2180;half-profile;0;;0;1;0;0
PM_004;7;2;1;2181;2400;half-profile;0;;0;1;0;0
PM_004;8;2;1;2401;2600;half-profile;0;;0;0;0;0
PM_004;9;2;1;2601;2780;half-profile;0;;0;0;0;0
PM_004;10;2;1;2781;2900;half-profile;0;;0;0;0;0
PM_013;1;2;2;620;895;front;0;;0;3;0;0
PM_013;2;2;2;896;990;front;0;;0;2;0;0
PM_013;3;2;2;991;1170;front;0;;0;2;0;1
PM_013;4;2;2;1280;1453;front;0;;0;3;0;1
PM_014;1;2;2;200;425;front;0;;0;2;0;1
PM_014;2;2;2;426;639;front;0;;0;2;0;1
PM_014;3;2;2;640;817;front;0;;0;2;0;1
PM_014;4;2;2;818;1025;front;0;;0;0;0;1
PM_014;5;2;2;1026;1195;front;0;;0;0;0;1
PM_014;6;2;2;2160;2320;front;0;;0;1;0;0
PM_014;7;2;2;2321;2475;front;0;;0;1;0;0
PM_014;8;2;2;2476;2600;front;0;;0;0;0;0
PM_014;9;2;2;2601;2740;front;0;;0;0;0;0
PM_014;10;2;2;2741;2900;front;0;;0;1;0;0
PM_014;11;2;2;3450;3640;half-profile;0;;0;0;0;1
PM_014;12;2;2;3641;3785;half-profile;0;;0;0;0;1
PM_014;13;2;2;3786;3940;half-profile;0;;0;0;0;1
PM_014;14;2;2;3941;4085;half-profile;0;;0;0;0;1
PM_014;15;2;2;4086;4230;half-profile;0;;0;1;0;1
PM_014;16;2;2;4430;4560;half-profile;0;;0;0;0;0
PM_014;17;2;2;4561;4650;half-profile;0;;0;0;0;0
PM_014;18;2;2;4651;4775;half-profile;0;;0;0;0;0
PM_014;19;2;2;4776;4890;half-profile;0;;0;0;0;0
PM_014;20;2;2;4891;5020;half-profile;0;;0;0;0;0
PM_014;21;2;2;5021;5120;half-profile;0;;0;0;0;0
PM_025;1;2;3;240;445;front;0;;0;2;0;1
PM_025;2;2;3;446;605;front;0;;0;0;0;1
PM_025;3;2;3;606;815;front;0;;0;0;0;1
PM_025;4;2;3;816;980;front;0;;0;0;0;1
PM_025;5;2;3;981;1139;front;0;;0;0;0;1
PM_025;6;2;3;1550;1680;front;0;;0;3;3;0
PM_025;7;2;3;1681;1820;front;0;;0;1;0;0
PM_025;8;2;3;1860;2015;front;0;;0;2;0;0
PM_025;9;2;3;2016;2160;front;0;;0;0;0;0
PM_025;10;2;3;2161;2290;front;0;;0;0;0;0
PM_025;11;2;3;2291;2430;front;0;;0;0;0;0
PM_025;12;2;3;2431;2531;front;0;;0;0;0;0
PM_026;1;2;3;750;890;half-profile;0;;0;0;0;1
PM_026;2;2;3;891;1030;half-profile;0;;0;0;0;1
PM_026;3;2;3;1031;1160;half-profile;0;;0;0;0;1
PM_026;4;2;3;1161;1295;half-profile;0;;0;0;0;1
PM_026;5;2;3;1296;1450;half-profile;0;;0;1;0;1
PM_026;6;2;3;1610;1750;half-profile;0;;0;0;0;0
PM_026;7;2;3;1751;1865;half-profile;0;;0;0;0;0
PM_026;8;2;3;1866;2000;half-profile;0;;0;0;0;0
PM_026;9;2;3;2001;2125;half-profile;0;;0;2;0;0
PM_026;10;2;3;2126;2240;half-profile;0;;0;2;0;0
PM_033;1;2;4;200;340;front;0;;1;0;0;1
PM_033;2;2;4;341;440;front;0;;1;0;0;1
PM_033;3;2;4;441;540;front;0;;1;0;0;1
PM_033;4;2;4;541;640;front;0;;1;0;0;1
PM_033;5;2;4;641;730;front;0;;1;0;0;1
PM_033;6;2;4;731;880;front;0;;1;2;0;0
PM_033;7;2;4;1250;1470;front;0;;1;2;0;0
PM_033;8;2;4;1560;1685;front;0;;1;0;0;0
PM_033;9;2;4;1686;1810;front;0;;1;0;0;0
PM_033;10;2;4;1811;1910;front;0;;1;0;0;0
PM_033;11;2;4;1911;2015;front;0;;1;0;0;0
PM_033;12;2;4;2016;2120;front;0;;1;2;0;0
PM_033;13;2;4;2450;2560;half-profile;0;;1;0;0;1
PM_033;14;2;4;2561;2690;half-profile;0;;1;0;0;1
PM_033;15;2;4;2691;2780;half-profile;0;;1;0;0;1
PM_033;16;2;4;2781;2880;half-profile;0;;1;0;0;1
PM_033;17;2;4;2881;2985;half-profile;0;;1;0;0;1
PM_033;18;2;4;2986;3085;half-profile;0;;1;1;0;1
PM_033;19;2;4;3300;3400;half-profile;0;;1;0;0;0
PM_033;20;2;4;3401;3505;half-profile;0;;1;0;0;0
PM_033;21;2;4;3506;3610;half-profile;0;;1;0;0;0
PM_033;22;2;4;3611;3710;half-profile;0;;1;0;0;0
PM_033;23;2;4;3711;3815;half-profile;0;;1;0;0;0
PM_040;1;2;5;140;270;front;0;;1;0;0;1
PM_040;2;2;5;271;450;front;0;;1;0;0;1
PM_040;3;2;5;451;610;front;0;;1;0;0;1
PM_040;4;2;5;611;730;front;0;;1;0;0;1
PM_040;5;2;5;731;1210;front;0;;1;2;0;1
PM_040;6;2;5;1250;1410;front;0;;1;2;0;0
PM_040;7;2;5;1480;1630;front;0;;1;0;0;0
PM_040;8;2;5;1631;1760;front;0;;1;0;0;0
PM_040;9;2;5;1761;1880;front;0;;1;0;0;0
PM_040;10;2;5;1881;1980;front;0;;1;0;0;0
PM_040;11;2;5;2270;2390;half-profile;0;;1;0;0;1
PM_040;12;2;5;2391;2510;half-profile;0;;1;0;0;1
PM_040;13;2;5;2511;2620;half-profile;0;;1;0;0;1
PM_040;14;2;5;2621;2735;half-profile;0;;1;0;0;1
PM_040;15;2;5;2736;2870;half-profile;0;;1;0;0;1
PM_040;16;2;5;2871;3015;half-profile;0;;1;0;0;0
PM_040;17;2;5;3016;3133;half-profile;0;;1;0;0;0
PM_040;18;2;5;3134;3250;half-profile;0;;1;0;0;0
PM_040;19;2;5;3251;3357;half-profile;0;;1;0;0;0
PM_040;20;2;5;3358;3460;half-profile;0;;1;0;0;0
PM_102;1;2;6;160;380;front;0;;1;0;0;1
PM_102;2;2;6;381;570;front;0;;1;0;0;1
PM_102;3;2;6;571;760;front;0;;1;1;0;1
PM_102;4;2;6;860;1080;front;0;;1;0;0;1
PM_102;5;2;6;1081;1665;front;0;;1;2;0;1
PM_102;6;2;6;1666;1910;front;0;;1;0;0;0
PM_102;7;2;6;1911;2090;front;0;;1;0;0;0
PM_102;8;2;6;2130;2275;front;0;;1;0;0;0
PM_102;9;2;6;2276;2440;front;0;;1;0;0;0
PM_102;10;2;6;2441;2560;front;0;;1;0;0;0
PM_102;11;2;6;3100;3280;half-profile;0;;1;2;0;1
PM_102;12;2;6;3281;3470;half-profile;0;;1;2;0;1
PM_102;13;2;6;3471;3660;half-profile;0;;1;0;0;1
PM_102;14;2;6;3661;3840;half-profile;0;;1;0;0;1
PM_102;15;2;6;3841;4000;half-profile;0;;1;0;0;1
PM_102;16;2;6;4001;4215;half-profile;0;;1;0;0;1
PM_102;17;2;6;4216;4380;half-profile;0;;1;0;0;0
PM_102;18;2;6;4381;4535;half-profile;0;;1;0;0;0
PM_102;19;2;6;4536;4690;half-profile;0;;1;0;0;0
PM_102;20;2;6;4691;4855;half-profile;0;;1;0;0;0
PM_102;21;2;6;4856;4980;half-profile;0;;1;0;0;0
PM_110;1;2;8;160;400;front;0;;1;0;0;1
PM_110;2;2;8;470;710;front;0;;1;2;0;1
PM_110;3;2;8;711;950;front;0;;1;2;0;0
PM_110;4;2;8;1010;1280;front;0;;1;0;0;0
PM_110;5;2;8;1460;1710;front;0;;1;1;0;0
PM_110;6;2;8;1711;1970;front;0;;1;0;0;0
PM_110;7;2;8;2050;2250;front;0;;1;2;0;0
PM_110;8;2;8;2720;2860;front;0;;1;0;0;0
PM_110;9;2;8;2861;3030;front;0;;1;0;0;0
PM_110;10;2;8;3031;3200;front;0;;1;0;0;0
PM_110;11;2;8;3201;3355;front;0;;1;0;0;0
PM_110;12;2;8;3356;3490;front;0;;1;2;0;0
PM_110;13;2;8;3800;4100;half-profile;0;;1;1;0;0
PM_110;14;2;8;4101;4300;half-profile;0;;1;1;0;0
PM_110;15;2;8;4301;4490;half-profile;0;;1;0;0;0
PM_110;16;2;8;4491;4690;half-profile;0;;1;0;0;0
PM_110;17;2;8;4691;4860;half-profile;0;;1;0;0;0
PM_110;18;2;8;4940;5085;half-profile;0;;1;0;0;0
PM_110;19;2;8;5086;5260;half-profile;0;;1;1;0;0
PM_110;20;2;8;5261;5410;half-profile;0;;1;0;0;0
PM_110;21;2;8;5411;5560;half-profile;0;;1;0;0;0
PM_110;22;2;8;5590;5720;half-profile;0;;1;0;0;0
PM_115;1;2;9;200;335;front;0;;1;2;0;1
PM_115;2;2;9;336;470;front;0;;1;0;0;1
PM_115;3;2;9;471;595;front;0;;1;0;0;1
PM_115;4;2;9;596;702;front;0;;1;0;0;1
PM_115;5;2;9;703;840;front;0;;1;2;0;0
PM_115;6;2;9;1220;1348;front;0;;1;2;0;0
PM_115;7;2;9;1349;1480;front;0;;1;2;0;0
PM_115;8;2;9;1481;1620;front;0;;1;1;0;0
PM_115;9;2;9;1640;1770;front;0;;1;0;0;0
PM_115;10;2;9;1771;1900;front;0;;1;0;0;0
PM_115;11;2;9;1901;2027;front;0;;1;2;0;0
PM_115;12;2;9;2260;2390;half-profile;0;;1;0;0;1
PM_115;13;2;9;2391;2530;half-profile;0;;1;0;0;1
PM_115;14;2;9;2531;2650;half-profile;0;;1;0;0;1
PM_115;15;2;9;2651;2762;half-profile;0;;1;0;0;1
PM_115;16;2;9;2763;2897;half-profile;0;;1;0;0;1
PM_115;17;2;9;2898;3020;half-profile;0;;1;0;0;1
PM_115;18;2;9;3021;3160;half-profile;0;;1;0;0;1
PM_115;19;2;9;3161;3310;half-profile;0;;1;0;0;1
PM_115;20;2;9;3311;3460;half-profile;0;;1;0;0;1
PM_115;21;2;9;3461;3610;half-profile;0;;1;0;0;0
PM_115;22;2;9;3611;3730;half-profile;0;;1;0;0;0
PM_115;23;2;9;3731;3860;half-profile;0;;1;0;0;0
PM_115;24;2;9;3861;3988;half-profile;0;;1;0;0;0
PM_115;25;2;9;3989;4085;half-profile;0;;1;0;0;0
PM_123;1;2;7;220;440;half-profile;0;;1;2;0;1
PM_123;2;2;7;441;610;half-profile;0;;1;2;0;1
PM_123;3;2;7;611;800;half-profile;0;;1;0;0;1
PM_123;4;2;7;801;980;half-profile;0;;1;1;0;1
PM_123;5;2;7;981;1150;half-profile;0;;1;0;0;1
PM_123;6;2;7;1151;1320;half-profile;0;;1;0;0;0
PM_123;7;2;7;1530;1650;half-profile;0;;1;1;0;0
PM_123;8;2;7;1700;1840;half-profile;0;;1;0;0;0
PM_123;9;2;7;1841;1975;half-profile;0;;1;0;0;0
PM_123;10;2;7;1976;2120;half-profile;0;;1;0;0;0
PM_123;11;2;7;2121;2250;half-profile;0;;1;0;0;0
PM_123;12;2;7;2251;2370;half-profile;0;;1;2;0;0
PM_123;13;2;7;2570;2710;front;0;;1;0;0;1
PM_123;14;2;7;2711;2870;front;0;;1;0;0;1
PM_123;15;2;7;2871;3000;front;0;;1;0;0;1
PM_123;16;2;7;3001;3140;front;0;;1;0;0;1
PM_123;17;2;7;3141;3280;front;0;;1;0;0;1
PM_123;18;2;7;3281;3405;front;0;;1;2;0;1
PM_123;19;2;7;3550;3730;front;0;;1;0;0;0
PM_123;20;2;7;3731;3830;front;0;;1;0;0;0
PM_123;21;2;7;3831;3960;front;0;;1;0;0;0
PM_123;22;2;7;3961;4090;front;0;;1;0;0;0
PM_123;23;2;7;4091;4220;front;0;;1;0;0;0
PM_123;24;2;7;4221;4340;front;0;;1;2;0;0
PM_010;1;3;1;230;380;profile;0;;0;2;0;1
PM_010;2;3;1;381;500;profile;0;;0;0;0;1
PM_010;3;3;1;501;600;profile;0;;0;0;0;1
PM_010;4;3;1;601;705;profile;0;;0;0;0;1
PM_010;5;3;1;706;800;profile;0;;0;3;0;1
PM_010;6;3;1;2260;2370;profile;0;;0;0;0;0
PM_010;7;3;1;2371;2500;profile;0;;0;0;0;1
PM_010;8;3;1;2501;2630;profile;0;;0;0;0;1
PM_010;9;3;1;2631;2760;profile;0;;0;0;0;1
PM_010;10;3;1;2761;2860;profile;0;;0;0;0;1
PM_010;11;3;1;2861;2970;profile;0;;0;0;0;1
PM_010;12;3;1;3350;3440;profile;0;;0;0;1;1
PM_010;13;3;1;3441;3550;profile;0;;0;0;1;0
PM_010;14;3;1;3551;3660;profile;0;;0;0;1;0
PM_010;15;3;1;3700;3810;profile;0;;0;0;2;0
PM_010;16;3;1;3811;3950;profile;0;;0;0;2;0
PM_011;1;3;2;225;310;profile;0;;0;0;0;1
PM_011;2;3;2;311;410;profile;0;;0;0;0;1
PM_011;3;3;2;411;505;profile;0;;0;0;0;1
PM_011;4;3;2;506;625;profile;0;;0;0;0;1
PM_011;5;3;2;626;740;profile;0;;0;0;0;1
PM_011;6;3;2;1291;1380;profile;0;;0;0;0;0
PM_011;7;3;2;1381;1450;profile;0;;0;0;0;0
PM_011;8;3;2;1451;1535;profile;0;;0;0;0;0
PM_030;1;3;3;210;340;profile;0;;1;0;0;0
PM_030;2;3;3;430;543;profile;0;;1;0;0;1
PM_030;3;3;3;544;670;profile;0;;1;1;0;1
PM_030;4;3;3;671;779;profile;0;;1;0;0;1
PM_030;5;3;3;780;890;profile;0;;1;2;0;1
PM_030;6;3;3;891;1020;profile;0;;1;1;0;1
PM_030;7;3;3;1090;1215;profile;0;;1;0;0;0
PM_030;8;3;3;1216;1340;profile;0;;1;0;0;0
PM_030;9;3;3;1341;1490;profile;0;;1;1;0;0
PM_030;10;3;3;1491;1620;profile;0;;1;1;0;0
PM_030;11;3;3;1621;1755;profile;0;;1;1;0;0
PM_030;12;3;3;1756;1880;profile;0;;1;2;0;0
PM_030;13;3;3;1881;2015;profile;0;;1;1;0;0
PM_031;1;3;4;220;325;profile;0;;1;0;0;1
PM_031;2;3;4;390;477;profile;0;;1;0;0;1
PM_031;3;3;4;478;565;profile;0;;1;2;0;1
PM_031;4;3;4;566;656;profile;0;;1;0;0;1
PM_031;5;3;4;657;735;profile;0;;1;2;0;1
PM_031;6;3;4;970;1070;profile;0;;1;3;0;0
PM_031;7;3;4;1071;1212;profile;0;;1;3;0;0
PM_031;8;3;4;1213;1338;profile;0;;1;3;0;0
PM_031;9;3;4;1339;1460;profile;0;;1;1;0;0
PM_031;10;3;4;1461;1565;profile;0;;1;3;0;0
PM_044;1;3;5;170;280;profile;0;;1;0;0;0
PM_044;2;3;5;281;430;profile;0;;1;0;0;0
PM_044;3;3;5;431;540;profile;0;;1;0;0;0
PM_044;4;3;5;541;647;profile;0;;1;0;0;0
PM_044;5;3;5;648;740;profile;0;;1;2;0;0
PM_044;6;3;5;1000;1090;profile;0;;1;3;0;0
PM_044;7;3;5;1091;1168;profile;0;;1;0;0;0
PM_044;8;3;5;1169;1249;profile;0;;1;3;0;0
PM_044;9;3;5;1250;1330;profile;0;;1;2;0;0
PM_044;10;3;5;1331;1415;profile;0;;1;2;0;0
PM_045;1;3;10;200;300;profile;0;;1;0;0;1
PM_045;2;3;10;301;390;profile;0;;1;0;0;1
PM_045;3;3;10;391;480;profile;0;;1;0;0;1
PM_045;4;3;10;481;570;profile;0;;1;2;0;1
PM_045;5;3;10;571;670;profile;0;;1;2;0;1
PM_045;6;3;10;800;916;profile;0;;1;3;0;0
PM_045;7;3;10;917;1011;profile;0;;1;2;0;0
PM_045;8;3;10;1012;1095;profile;0;;1;2;0;0
PM_107;1;3;6;20;115;profile;0;;1;3;0;1
PM_107;2;3;6;116;205;profile;0;;1;0;0;1
PM_107;3;3;6;206;300;profile;0;;1;0;0;1
PM_107;4;3;6;301;398;profile;0;;1;0;0;1
PM_107;5;3;6;399;478;profile;0;;1;0;0;1
PM_107;6;3;6;810;920;profile;0;;1;0;0;0
PM_107;7;3;6;921;1025;profile;0;;1;0;0;0
PM_107;8;3;6;1026;1135;profile;0;;1;0;0;0
PM_107;9;3;6;1136;1240;profile;0;;1;0;0;0
PM_107;10;3;6;1241;1330;profile;0;;1;0;0;0
PM_108;1;3;8;200;370;profile;0;;1;1;0;1
PM_108;2;3;8;460;700;profile;0;;1;2;0;1
PM_108;3;3;8;830;1030;profile;0;;1;0;0;1
PM_108;4;3;8;1031;1240;profile;0;;1;0;0;1
PM_108;5;3;8;1241;1440;profile;0;;1;0;0;1
PM_108;6;3;8;1770;1940;profile;0;;1;2;0;0
PM_108;7;3;8;2000;2210;profile;0;;1;1;0;0
PM_108;8;3;8;2230;2420;profile;0;;1;2;0;0
PM_108;9;3;8;2421;2620;profile;0;;1;2;0;0
PM_108;10;3;8;2621;2800;profile;0;;1;3;0;0
PM_119;1;3;9;180;260;profile;0;;1;3;0;1
PM_119;2;3;9;261;340;profile;0;;1;3;0;1
PM_119;3;3;9;341;425;profile;0;;1;3;0;1
PM_119;4;3;9;426;506;profile;0;;1;3;0;1
PM_119;5;3;9;507;590;profile;0;;1;0;0;1
PM_119;6;3;9;915;972;profile;0;;1;0;0;0
PM_119;7;3;9;973;1035;profile;0;;1;0;0;0
PM_119;8;3;9;1050;1120;profile;0;;1;0;0;0
PM_119;9;3;9;1121;1195;profile;0;;1;0;0;0
PM_119;10;3;9;1196;1275;profile;0;;1;0;0;0
PM_119;11;3;9;1276;1355;profile;0;;1;3;0;0
PM_121;1;3;7;90;190;profile;1;;1;3;0;1
PM_121;2;3;7;265;380;profile;1;;1;2;0;1
PM_121;3;3;7;410;550;profile;1;;1;2;0;1
PM_121;4;3;7;551;695;profile;1;;1;3;0;1
PM_121;5;3;7;740;840;profile;1;;1;0;0;1
PM_121;6;3;7;841;970;profile;1;;1;1;0;1
PM_121;7;3;7;1180;1260;profile;1;;1;1;0;0
PM_121;8;3;7;1261;1360;profile;1;;1;1;0;0
PM_121;9;3;7;1361;1450;profile;1;;1;1;0;0
PM_121;10;3;7;1451;1550;profile;1;;1;1;0;0
PM_121;11;3;7;1551;1650;profile;1;;1;3;0;0
PM_005;1;4;1;130;250;front;0;right leg;0;2;0;1
PM_005;2;4;1;265;350;front;0;right leg;0;2;0;1
PM_005;3;4;1;385;495;front;0;right leg;0;2;0;1
PM_005;4;4;1;520;615;front;0;right leg;0;2;0;1
PM_005;5;4;1;650;725;front;0;right leg;0;0;0;1
PM_005;6;4;1;1000;1090;front;0;right leg;0;3;0;0
PM_005;7;4;1;1120;1186;front;0;right leg;0;3;0;0
PM_005;8;4;1;1187;1250;front;0;right leg;0;3;0;0
PM_005;9;4;1;1390;1440;front;0;right leg;0;3;0;0
PM_005;10;4;1;1441;1515;front;0;right leg;0;3;0;1
PM_005;11;4;1;1516;1595;front;0;right leg;0;3;0;1
PM_005;12;4;1;1596;1660;front;0;right leg;0;3;0;1
PM_005;13;4;1;1661;1730;front;0;right leg;0;3;0;1
PM_005;14;4;1;1731;1810;front;0;right leg;0;3;0;1
PM_005;15;4;1;1970;2040;front;0;right leg;0;3;0;0
PM_005;16;4;1;2210;2290;front;0;right leg;0;3;0;0
PM_005;17;4;1;2300;2385;front;0;right leg;0;3;0;0
PM_005;18;4;1;2386;2480;front;0;right leg;0;3;0;0
PM_005;19;4;1;2481;2575;front;0;right leg;0;3;0;0
PM_005;20;4;1;2576;2670;front;0;right leg;0;3;0;0
PM_006;1;4;1;80;155;half-profile;0;right leg;0;3;0;1
PM_006;2;4;1;156;230;half-profile;0;right leg;0;3;0;1
PM_006;3;4;1;231;305;half-profile;0;right leg;0;3;0;1
PM_006;4;4;1;306;375;half-profile;0;right leg;0;3;0;1
PM_006;5;4;1;376;435;half-profile;0;right leg;0;3;0;1
PM_006;6;4;1;560;645;half-profile;0;right leg;0;3;0;0
PM_006;7;4;1;646;735;half-profile;0;right leg;0;3;0;0
PM_006;8;4;1;736;835;half-profile;0;right leg;0;3;0;0
PM_006;9;4;1;836;920;half-profile;0;right leg;0;3;0;0
PM_006;10;4;1;921;1010;half-profile;0;right leg;0;3;0;0
PM_018;1;4;2;80;185;front;0;right leg;0;0;0;1
PM_018;2;4;2;186;285;front;0;right leg;0;0;0;1
PM_018;3;4;2;286;395;front;0;right leg;0;0;0;1
PM_018;4;4;2;396;500;front;0;right leg;0;0;0;1
PM_018;5;4;2;501;585;front;0;right leg;0;0;0;1
PM_018;6;4;2;845;940;front;0;right leg;0;0;1;0
PM_018;7;4;2;941;1030;front;0;right leg;0;0;1;0
PM_018;8;4;2;1031;1120;front;0;right leg;0;0;1;0
PM_018;9;4;2;1121;1210;front;0;right leg;0;1;1;0
PM_018;10;4;2;1211;1280;front;0;right leg;0;0;1;0
PM_020;1;4;2;85;170;half-profile;0;left leg;0;0;1;1
PM_020;2;4;2;171;220;half-profile;0;left leg;0;0;1;1
PM_020;3;4;2;221;300;half-profile;0;left leg;0;0;1;1
PM_020;4;4;2;301;390;half-profile;0;left leg;0;0;1;1
PM_020;5;4;2;391;485;half-profile;0;left leg;0;0;1;1
PM_020;6;4;2;486;580;half-profile;0;left leg;0;0;1;1
PM_020;7;4;2;745;825;half-profile;0;left leg;0;0;1;0
PM_020;8;4;2;826;925;half-profile;0;left leg;0;0;1;0
PM_020;9;4;2;926;1025;half-profile;0;left leg;0;0;0;0
PM_020;10;4;2;1026;1120;half-profile;0;left leg;0;2;0;0
PM_020;11;4;2;1121;1185;half-profile;0;left leg;0;2;0;0
PM_027;1;4;3;250;335;front;0;left leg;0;2;0;0
PM_027;2;4;3;336;430;front;0;left leg;0;2;0;0
PM_027;3;4;3;520;620;front;0;left leg;0;3;0;0
PM_027;4;4;3;621;720;front;0;left leg;0;3;0;0
PM_027;5;4;3;721;820;front;0;left leg;0;3;0;0
PM_027;6;4;3;1030;1125;front;0;left leg;0;0;0;1
PM_027;7;4;3;1126;1210;front;0;left leg;0;0;0;1
PM_027;8;4;3;1211;1280;front;0;left leg;0;0;0;0
PM_027;9;4;3;1315;1400;front;0;left leg;0;0;0;1
PM_027;10;4;3;1401;1490;front;0;left leg;0;0;0;1
PM_027;11;4;3;1491;1568;front;0;left leg;0;2;0;1
PM_027;12;4;3;1569;1620;front;0;left leg;0;3;0;1
PM_027;13;4;3;1820;1945;front;0;left leg;0;0;0;0
PM_027;14;4;3;1946;2065;front;0;left leg;0;0;0;0
PM_027;15;4;3;2095;2205;front;0;left leg;0;2;0;0
PM_027;16;4;3;2220;2360;front;0;left leg;0;1;0;0
PM_027;17;4;3;2361;2470;front;0;left leg;0;3;0;0
PM_027;18;4;3;2820;2940;half-profile;0;left leg;0;0;0;1
PM_027;19;4;3;2941;3040;half-profile;0;left leg;0;0;0;1
PM_027;20;4;3;3041;3140;half-profile;0;left leg;0;0;0;1
PM_027;21;4;3;3141;3235;half-profile;0;left leg;0;1;0;1
PM_027;22;4;3;3236;3330;half-profile;0;left leg;0;2;0;1
PM_027;23;4;3;3460;3585;half-profile;0;left leg;0;0;0;0
PM_027;24;4;3;3586;3675;half-profile;0;left leg;0;0;0;0
PM_027;25;4;3;3695;3820;half-profile;0;left leg;0;0;0;0
PM_027;26;4;3;3821;3980;half-profile;0;left leg;0;0;0;0
PM_027;27;4;3;3981;4050;half-profile;0;left leg;0;0;0;0
PM_034;1;4;4;85;165;front;0;left leg;1;0;0;1
PM_034;2;4;4;166;260;front;0;left leg;1;0;0;1
PM_034;3;4;4;261;355;front;0;left leg;1;0;0;1
PM_034;4;4;4;356;450;front;0;left leg;1;0;0;1
PM_034;5;4;4;451;545;front;0;left leg;1;0;0;1
PM_034;6;4;4;640;730;front;0;left leg;1;0;0;0
PM_034;7;4;4;731;817;front;0;left leg;1;0;0;0
PM_034;8;4;4;818;905;front;0;left leg;1;0;0;0
PM_034;9;4;4;906;990;front;0;left leg;1;0;0;0
PM_034;10;4;4;991;1090;front;0;left leg;1;0;0;0
PM_035;1;4;4;65;145;half-profile;0;left leg;1;0;0;1
PM_035;2;4;4;146;235;half-profile;0;left leg;1;0;0;1
PM_035;3;4;4;236;330;half-profile;0;left leg;1;0;0;1
PM_035;4;4;4;370;455;half-profile;0;left leg;1;0;0;1
PM_035;5;4;4;456;535;half-profile;0;left leg;1;0;0;1
PM_035;6;4;4;536;625;half-profile;0;left leg;1;0;0;1
PM_035;7;4;4;640;730;half-profile;0;left leg;1;0;0;0
PM_035;8;4;4;731;800;half-profile;0;left leg;1;1;0;0
PM_035;9;4;4;801;880;half-profile;0;left leg;1;0;0;0
PM_035;10;4;4;881;958;half-profile;0;left leg;1;0;0;0
PM_035;11;4;4;959;1030;half-profile;0;left leg;1;0;0;0
PM_041;1;4;5;75;140;front;0;right leg;1;0;0;1
PM_041;2;4;5;141;215;front;0;right leg;1;0;0;1
PM_041;3;4;5;216;290;front;0;right leg;1;0;0;1
PM_041;4;4;5;320;395;front;0;right leg;1;0;0;1
PM_041;5;4;5;396;470;front;0;right leg;1;0;0;1
PM_041;6;4;5;700;790;front;0;right leg;1;2;0;0
PM_041;7;4;5;800;890;front;0;right leg;1;2;0;0
PM_041;8;4;5;891;985;front;0;right leg;1;2;0;0
PM_041;9;4;5;986;1080;front;0;right leg;1;0;0;0
PM_041;10;4;5;1081;1160;front;0;right leg;1;0;0;0
PM_041;11;4;5;1410;1500;half-profile;0;right leg;1;0;0;1
PM_041;12;4;5;1535;1630;half-profile;0;right leg;1;0;0;1
PM_041;13;4;5;1631;1700;half-profile;0;right leg;1;0;0;1
PM_041;14;4;5;1790;1870;half-profile;0;right leg;1;0;0;1
PM_041;15;4;5;1871;1950;half-profile;0;right leg;1;0;0;1
PM_041;16;4;5;1965;2040;half-profile;0;right leg;1;0;0;1
PM_041;17;4;5;2150;2225;half-profile;0;right leg;1;0;0;0
PM_041;18;4;5;2226;2305;half-profile;0;right leg;1;0;0;0
PM_041;19;4;5;2306;2390;half-profile;0;right leg;1;0;0;0
PM_041;20;4;5;2391;2465;half-profile;0;right leg;1;0;0;0
PM_041;21;4;5;2466;2540;half-profile;0;right leg;1;0;0;0
PM_103;1;4;6;45;135;front;0;left leg;1;2;0;1
PM_103;2;4;6;136;210;front;0;left leg;1;2;0;1
PM_103;3;4;6;230;320;front;0;left leg;1;2;0;1
PM_103;4;4;6;321;420;front;0;left leg;1;2;0;1
PM_103;5;4;6;430;520;front;0;left leg;1;2;0;1
PM_103;6;4;6;521;590;front;0;left leg;1;2;0;1
PM_103;7;4;6;650;725;front;0;left leg;1;2;0;1
PM_103;8;4;6;1220;1300;front;0;left leg;1;2;0;0
PM_103;9;4;6;1301;1390;front;0;left leg;1;0;0;0
PM_103;10;4;6;1391;1468;front;0;left leg;1;2;0;0
PM_103;11;4;6;1469;1550;front;0;left leg;1;2;0;0
PM_103;12;4;6;1551;1625;front;0;left leg;1;2;0;0
PM_103;13;4;6;1990;2080;half-profile;0;left leg;1;2;0;1
PM_103;14;4;6;2081;2160;half-profile;0;left leg;1;2;0;1
PM_103;15;4;6;2161;2230;half-profile;0;left leg;1;2;0;1
PM_103;16;4;6;2231;2310;half-profile;0;left leg;1;0;0;1
PM_103;17;4;6;2311;2395;half-profile;0;left leg;1;0;0;1
PM_103;18;4;6;2396;2460;half-profile;0;left leg;1;0;0;1
PM_103;19;4;6;2470;2550;half-profile;0;left leg;1;0;0;1
PM_103;20;4;6;3030;3120;half-profile;0;left leg;1;2;0;1
PM_103;21;4;6;3121;3200;half-profile;0;left leg;1;2;0;0
PM_103;22;4;6;3201;3290;half-profile;0;left leg;1;2;0;0
PM_103;23;4;6;3291;3370;half-profile;0;left leg;1;2;0;0
PM_103;24;4;6;3390;3440;half-profile;0;left leg;1;2;0;0
PM_111;1;4;8;120;240;front;0;left leg;1;2;0;1
PM_111;2;4;8;340;410;front;0;left leg;1;2;0;1
PM_111;3;4;8;505;615;front;0;left leg;1;0;0;1
PM_111;4;4;8;690;810;front;0;left leg;1;0;0;1
PM_111;5;4;8;811;920;front;0;left leg;1;0;0;1
PM_111;6;4;8;921;1055;front;0;left leg;1;0;0;1
PM_111;7;4;8;1056;1180;front;0;left leg;1;0;0;1
PM_111;8;4;8;1200;1320;front;0;left leg;1;0;0;1
PM_111;9;4;8;1590;1690;front;0;left leg;1;1;0;0
PM_111;10;4;8;1691;1800;front;0;left leg;1;1;0;0
PM_111;11;4;8;1830;1925;front;0;left leg;1;1;0;0
PM_111;12;4;8;1950;2050;front;0;left leg;1;0;0;0
PM_111;13;4;8;2070;2170;front;0;left leg;1;0;0;0
PM_111;14;4;8;2385;2470;half-profile;0;left leg;1;0;0;1
PM_111;15;4;8;2490;2600;half-profile;0;left leg;1;0;0;1
PM_111;16;4;8;2601;2710;half-profile;0;left leg;1;0;0;1
PM_111;17;4;8;2730;2800;half-profile;0;left leg;1;0;0;1
PM_111;18;4;8;2830;2940;half-profile;0;left leg;1;0;0;1
PM_111;19;4;8;2941;3050;half-profile;0;left leg;1;0;0;1
PM_111;20;4;8;3130;3220;half-profile;0;left leg;1;0;0;0
PM_111;21;4;8;3221;3320;half-profile;0;left leg;1;0;0;0
PM_111;22;4;8;3321;3390;half-profile;0;left leg;1;0;0;0
PM_111;23;4;8;3430;3500;half-profile;0;left leg;1;0;0;0
PM_116;1;4;9;120;197;front;0;right leg;1;2;0;1
PM_116;2;4;9;198;280;front;0;right leg;1;2;0;1
PM_116;3;4;9;290;375;front;0;right leg;1;2;0;1
PM_116;4;4;9;376;414;front;0;right leg;1;2;0;0
PM_116;5;4;9;415;494;front;0;right leg;1;2;0;1
PM_116;6;4;9;495;570;front;0;right leg;1;2;0;1
PM_116;7;4;9;571;640;front;0;right leg;1;2;0;1
PM_116;8;4;9;965;1000;front;0;right leg;1;2;0;1
PM_116;9;4;9;1001;1060;front;0;right leg;1;2;0;1
PM_116;10;4;9;1061;1125;front;0;right leg;1;2;0;0
PM_116;11;4;9;1126;1185;front;0;right leg;1;2;0;0
PM_116;12;4;9;1186;1255;front;0;right leg;1;2;0;0
PM_116;13;4;9;1256;1325;front;0;right leg;1;1;0;0
PM_116;14;4;9;1326;1380;front;0;right leg;1;2;0;0
PM_116;15;4;9;1650;1721;half-profile;0;right leg;1;3;0;1
PM_116;16;4;9;1722;1783;half-profile;0;right leg;1;2;0;1
PM_116;17;4;9;1784;1840;half-profile;0;right leg;1;2;0;1
PM_116;18;4;9;1841;1900;half-profile;0;right leg;1;2;0;1
PM_116;19;4;9;1901;1960;half-profile;0;right leg;1;2;0;1
PM_116;20;4;9;1990;2055;half-profile;0;right leg;1;2;0;0
PM_116;21;4;9;2056;2115;half-profile;0;right leg;1;1;0;0
PM_116;22;4;9;2116;2170;half-profile;0;right leg;1;0;0;0
PM_116;23;4;9;2171;2240;half-profile;0;right leg;1;0;0;0
PM_124;1;4;7;200;290;front;0;right leg;1;0;0;1
PM_124;2;4;7;310;410;front;0;right leg;1;0;0;1
PM_124;3;4;7;425;520;front;0;right leg;1;0;0;1
PM_124;4;4;7;540;630;front;0;right leg;1;0;0;1
PM_124;5;4;7;650;755;front;0;right leg;1;0;0;1
PM_124;6;4;7;925;1020;front;0;right leg;1;0;0;1
PM_124;7;4;7;1040;1180;front;0;right leg;1;1;0;0
PM_124;8;4;7;1225;1335;front;0;right leg;1;0;0;1
PM_124;9;4;7;1370;1475;front;0;right leg;1;0;0;1
PM_124;10;4;7;1515;1610;front;0;right leg;1;0;0;1
PM_124;11;4;7;1830;1920;half-profile;0;right leg;1;0;0;1
PM_124;12;4;7;1921;2020;half-profile;0;right leg;1;0;0;1
PM_124;13;4;7;2040;2120;half-profile;0;right leg;1;0;0;1
PM_124;14;4;7;2140;2240;half-profile;0;right leg;1;0;0;1
PM_124;15;4;7;2255;2355;half-profile;0;right leg;1;0;0;1
PM_124;16;4;7;2470;2570;half-profile;0;right leg;1;0;0;1
PM_124;17;4;7;2580;2665;half-profile;0;right leg;1;0;0;1
PM_124;18;4;7;2710;2790;half-profile;0;right leg;1;0;0;1
PM_124;19;4;7;2820;2890;half-profile;0;right leg;1;0;0;1
PM_124;20;4;7;2930;3020;half-profile;0;right leg;1;0;0;1
PM_008;1;6;1;100;220;front;0;;0;0;0;1
PM_008;2;6;1;230;350;front;0;;0;0;0;1
PM_008;3;6;1;370;480;front;0;;0;0;0;1
PM_008;4;6;1;500;605;front;0;;0;1;0;1
PM_008;5;6;1;620;715;front;0;;0;0;0;1
PM_008;6;6;1;1430;1570;front;0;;0;0;0;1
PM_008;7;6;1;1585;1707;front;0;;0;0;0;1
PM_008;8;6;1;1708;1855;front;0;;0;0;0;1
PM_008;9;6;1;1870;1990;front;0;;0;2;0;1
PM_008;10;6;1;2010;2150;front;0;;0;1;0;1
PM_008;11;6;1;2180;2310;front;0;;0;2;0;1
PM_008;12;6;1;2340;2446;front;0;;0;2;0;1
PM_008;13;6;1;2830;2925;front;0;;0;0;0;1
PM_008;14;6;1;2940;3030;front;0;;0;1;0;1
PM_008;15;6;1;3040;3140;front;0;;0;0;0;1
PM_008;16;6;1;3160;3255;front;0;;0;1;0;1
PM_008;17;6;1;3270;3360;front;0;;0;0;0;0
PM_008;18;6;1;3940;4050;half-profile;0;;0;1;0;1
PM_008;19;6;1;4070;4200;half-profile;0;;0;0;0;1
PM_008;20;6;1;4201;4325;half-profile;0;;0;0;0;1
PM_008;21;6;1;4326;4450;half-profile;0;;0;0;0;1
PM_008;22;6;1;4451;4575;half-profile;0;;0;0;0;1
PM_008;23;6;1;4660;4740;half-profile;0;;0;0;0;0
PM_008;24;6;1;4760;4855;half-profile;0;;0;0;0;0
PM_008;25;6;1;4870;4955;half-profile;0;;0;0;0;0
PM_008;26;6;1;4970;5050;half-profile;0;;0;0;0;0
PM_008;27;6;1;5060;5150;half-profile;0;;0;0;0;0
PM_022;1;6;2;80;160;front;0;;0;2;0;1
PM_022;2;6;2;161;250;front;0;;0;0;0;1
PM_022;3;6;2;251;330;front;0;;0;1;0;1
PM_022;4;6;2;340;420;front;0;;0;1;0;1
PM_022;5;6;2;425;495;front;0;;0;2;0;1
PM_022;6;6;2;770;845;front;0;;0;0;1;1
PM_022;7;6;2;846;930;front;0;;0;0;1;1
PM_022;8;6;2;965;1050;front;0;;0;2;1;1
PM_022;9;6;2;1060;1150;front;0;;0;0;1;1
PM_022;10;6;2;1160;1230;front;0;;0;2;1;1
PM_022;11;6;2;1470;1545;half-profile;0;;0;2;1;1
PM_022;12;6;2;1555;1640;half-profile;0;;0;2;1;1
PM_022;13;6;2;1655;1740;half-profile;0;;0;0;1;1
PM_022;14;6;2;1880;1950;half-profile;0;;0;0;1;1
PM_022;15;6;2;1960;2040;half-profile;0;;0;1;1;1
PM_022;16;6;2;2060;2140;half-profile;0;;0;2;1;1
PM_022;17;6;2;2155;2220;half-profile;0;;0;2;1;1
PM_022;18;6;2;2290;2375;half-profile;0;;0;1;1;1
PM_022;19;6;2;2385;2475;half-profile;0;;0;0;1;1
PM_022;20;6;2;2485;2570;half-profile;0;;0;0;1;1
PM_022;21;6;2;2580;2665;half-profile;0;;0;0;1;1
PM_022;22;6;2;2670;2740;half-profile;0;;0;0;1;0
PM_029;1;6;3;70;200;front;0;;1;2;0;1
PM_029;2;6;3;210;330;front;0;;1;2;0;1
PM_029;3;6;3;340;460;front;0;;1;0;0;1
PM_029;4;6;3;461;590;front;0;;1;1;2;1
PM_029;5;6;3;591;720;front;0;;1;3;0;1
PM_029;6;6;3;940;1030;front;0;;1;0;0;0
PM_029;7;6;3;1050;1170;front;0;;1;0;0;0
PM_029;8;6;3;1171;1280;front;0;;1;0;0;0
PM_029;9;6;3;1281;1380;front;0;;1;0;0;0
PM_029;10;6;3;1381;1455;front;0;;1;0;0;0
PM_029;11;6;3;1790;1900;half-profile;0;;1;0;0;1
PM_029;12;6;3;1915;2030;half-profile;0;;1;0;0;1
PM_029;13;6;3;2040;2155;half-profile;0;;1;0;0;1
PM_029;14;6;3;2156;2270;half-profile;0;;1;0;0;1
PM_029;15;6;3;2271;2380;half-profile;0;;1;0;0;1
PM_029;16;6;3;2480;2585;half-profile;0;;1;0;0;0
PM_029;17;6;3;2586;2690;half-profile;0;;1;0;0;0
PM_029;18;6;3;2691;2800;half-profile;0;;1;0;0;0
PM_029;19;6;3;2801;2900;half-profile;0;;1;0;0;0
PM_029;20;6;3;2901;2980;half-profile;0;;1;2;0;0
PM_038;1;6;4;130;200;front;0;;1;0;0;1
PM_038;2;6;4;201;280;front;0;;1;0;0;1
PM_038;3;6;4;281;370;front;0;;1;0;0;1
PM_038;4;6;4;371;450;front;0;;1;0;0;1
PM_038;5;6;4;451;530;front;0;;1;0;0;1
PM_038;6;6;4;630;745;front;0;;1;3;0;1
PM_038;7;6;4;746;840;front;0;;1;1;0;1
PM_038;8;6;4;841;940;front;0;;1;0;0;1
PM_038;9;6;4;941;1030;front;0;;1;0;0;1
PM_038;10;6;4;1031;1120;front;0;;1;2;0;1
PM_038;11;6;4;1380;1450;half-profile;0;;1;0;0;1
PM_038;12;6;4;1490;1555;half-profile;0;;1;0;0;1
PM_038;13;6;4;1556;1645;half-profile;0;;1;0;0;1
PM_038;14;6;4;1646;1725;half-profile;0;;1;0;0;1
PM_038;15;6;4;1740;1820;half-profile;0;;1;0;0;1
PM_038;16;6;4;1860;1957;half-profile;0;;1;0;0;1
PM_038;17;6;4;1958;2060;half-profile;0;;1;0;0;0
PM_038;18;6;4;2061;2150;half-profile;0;;1;0;0;0
PM_038;19;6;4;2160;2255;half-profile;0;;1;0;0;0
PM_038;20;6;4;2275;2350;half-profile;0;;1;0;0;1
PM_043;1;6;5;335;420;front;0;;1;2;0;1
PM_043;2;6;5;470;560;front;0;;1;1;0;1
PM_043;3;6;5;570;650;front;0;;1;2;0;1
PM_043;4;6;5;665;805;front;0;;1;2;0;1
PM_043;5;6;5;850;935;front;0;;1;2;0;1
PM_043;6;6;5;1430;1520;front;0;;1;2;0;0
PM_043;7;6;5;1521;1609;front;0;;1;0;0;0
PM_043;8;6;5;1610;1700;front;0;;1;0;0;0
PM_043;9;6;5;1701;1790;front;0;;1;0;0;0
PM_043;10;6;5;1791;1878;front;0;;1;0;0;0
PM_043;11;6;5;2250;2355;half-profile;0;;1;0;0;1
PM_043;12;6;5;2370;2460;half-profile;0;;1;0;0;1
PM_043;13;6;5;2461;2565;half-profile;0;;1;0;0;1
PM_043;14;6;5;2566;2670;half-profile;0;;1;0;0;1
PM_043;15;6;5;2671;2780;half-profile;0;;1;0;0;1
PM_043;16;6;5;2860;2950;half-profile;0;;1;0;0;0
PM_043;17;6;5;2970;3065;half-profile;0;;1;0;0;0
PM_043;18;6;5;3066;3160;half-profile;0;;1;0;0;0
PM_043;19;6;5;3161;3252;half-profile;0;;1;0;0;0
PM_043;20;6;5;3253;3340;half-profile;0;;1;0;0;0
PM_105;1;6;6;10;115;front;0;;1;0;0;1
PM_105;2;6;6;116;205;front;0;;1;0;0;1
PM_105;3;6;6;206;300;front;0;;1;0;0;1
PM_105;4;6;6;301;390;front;0;;1;0;0;1
PM_105;5;6;6;391;480;front;0;;1;0;0;1
PM_105;6;6;6;790;885;half-profile;0;;1;0;0;1
PM_105;7;6;6;915;1015;half-profile;0;;1;0;0;1
PM_105;8;6;6;1016;1120;half-profile;0;;1;0;0;1
PM_105;9;6;6;1121;1210;half-profile;0;;1;0;0;1
PM_105;10;6;6;1211;1295;half-profile;0;;1;0;0;1
PM_105;11;6;6;1700;1790;half-profile;0;;1;2;0;0
PM_105;12;6;6;1850;1950;half-profile;0;;1;1;0;0
PM_105;13;6;6;1951;2060;half-profile;0;;1;2;0;0
PM_105;14;6;6;2061;2175;half-profile;0;;1;2;0;0
PM_105;15;6;6;2176;2280;half-profile;0;;1;1;0;0
PM_105;16;6;6;2281;2370;half-profile;0;;1;2;0;0
PM_105;17;6;6;2810;2900;front;0;;1;2;0;0
PM_105;18;6;6;2901;2990;front;0;;1;1;0;0
PM_105;19;6;6;2991;3090;front;0;;1;0;0;0
PM_105;20;6;6;3091;3190;front;0;;1;1;0;0
PM_105;21;6;6;3191;3270;front;0;;1;1;0;0
PM_113;1;6;8;95;210;front;0;;1;2;0;1
PM_113;2;6;8;211;360;front;0;;1;1;0;1
PM_113;3;6;8;361;510;front;0;;1;1;0;1
PM_113;4;6;8;511;650;front;0;;1;0;0;1
PM_113;5;6;8;651;805;front;0;;1;0;0;1
PM_113;6;6;8;955;1045;front;0;;1;1;0;0
PM_113;7;6;8;1046;1145;front;0;;1;1;0;0
PM_113;8;6;8;1146;1250;front;0;;1;2;0;0
PM_113;9;6;8;1251;1360;front;0;;1;2;0;0
PM_113;10;6;8;1361;1465;front;0;;1;2;0;0
PM_113;11;6;8;1680;1805;half-profile;0;;1;2;0;1
PM_113;12;6;8;1870;2000;half-profile;0;;1;0;0;1
PM_113;13;6;8;2001;2150;half-profile;0;;1;0;0;1
PM_113;14;6;8;2151;2300;half-profile;0;;1;0;0;1
PM_113;15;6;8;2301;2460;half-profile;0;;1;0;0;1
PM_113;16;6;8;2461;2600;half-profile;0;;1;0;0;1
PM_113;17;6;8;3020;3110;half-profile;0;;1;0;0;1
PM_113;18;6;8;3160;3255;half-profile;0;;1;0;0;1
PM_113;19;6;8;3290;3400;half-profile;1;;1;0;0;1
PM_113;20;6;8;3401;3500;half-profile;1;;1;0;0;1
PM_113;21;6;8;3520;3640;half-profile;1;;1;1;0;1
PM_113;22;6;8;3670;3770;half-profile;1;;1;0;0;1
PM_118;1;6;9;30;130;front;0;;1;0;0;1
PM_118;2;6;9;131;205;front;0;;1;0;0;1
PM_118;3;6;9;206;290;front;0;;1;0;0;1
PM_118;4;6;9;291;375;front;0;;1;0;0;1
PM_118;5;6;9;376;460;front;0;;1;0;0;1
PM_118;6;6;9;461;545;front;0;;1;0;0;1
PM_118;7;6;9;770;835;front;0;;1;1;0;1
PM_118;8;6;9;836;910;front;0;;1;1;0;1
PM_118;9;6;9;911;975;front;0;;1;1;0;1
PM_118;10;6;9;976;1045;front;0;;1;2;0;1
PM_118;11;6;9;1046;1110;front;0;;1;2;0;1
PM_118;12;6;9;1450;1535;half-profile;0;;1;0;0;1
PM_118;13;6;9;1536;1630;half-profile;0;;1;0;0;1
PM_118;14;6;9;1670;1740;half-profile;0;;1;0;0;1
PM_118;15;6;9;1770;1840;half-profile;0;;1;0;0;1
PM_118;16;6;9;1841;1930;half-profile;0;;1;0;0;1
PM_118;17;6;9;1931;2010;half-profile;0;;1;0;0;1
PM_118;18;6;9;2011;2080;half-profile;0;;1;0;0;1
PM_118;19;6;9;2100;2165;half-profile;0;;1;0;0;0
PM_118;20;6;9;2166;2230;half-profile;0;;1;0;0;0
PM_118;21;6;9;2231;2300;half-profile;0;;1;0;0;0
PM_118;22;6;9;2301;2375;half-profile;0;;1;0;0;0
PM_118;23;6;9;2376;2430;half-profile;0;;1;0;0;0
PM_126;1;6;7;200;310;front;0;;1;1;0;1
PM_126;2;6;7;340;470;front;0;;1;0;0;1
PM_126;3;6;7;480;600;front;0;;1;0;0;1
PM_126;4;6;7;620;740;front;0;;1;1;1;1
PM_126;5;6;7;760;880;front;0;;1;1;0;1
PM_126;6;6;7;900;995;front;0;;1;0;0;0
PM_126;7;6;7;996;1110;front;0;;1;0;0;0
PM_126;8;6;7;1130;1225;front;0;;1;0;0;0
PM_126;9;6;7;1250;1340;front;0;;1;0;0;0
PM_126;10;6;7;1360;1460;front;0;;1;0;0;0
PM_126;11;6;7;1880;1990;half-profile;0;;1;0;0;1
PM_126;12;6;7;2010;2140;half-profile;0;;1;0;0;1
PM_126;13;6;7;2160;2290;half-profile;0;;1;0;0;1
PM_126;14;6;7;2320;2450;half-profile;0;;1;1;0;1
PM_126;15;6;7;2470;2590;half-profile;0;;1;2;0;1
PM_126;16;6;7;2630;2730;half-profile;0;;1;0;0;0
PM_126;17;6;7;2750;2860;half-profile;0;;1;1;0;0
PM_126;18;6;7;2880;2980;half-profile;0;;1;0;0;0
PM_126;19;6;7;3000;3110;half-profile;0;;1;0;0;0
PM_126;20;6;7;3120;3240;half-profile;0;;1;0;0;0
